x,y,z
-39.4947,160.318,4.01684
-41.7517,160.311,4.77783
-41.3307,160.309,5.96566
-41.779,160.312,3.6415
-41.5541,160.314,2.62999
-41.2183,160.315,1.81664
-40.913,160.316,1.27483
-40.7799,160.316,1.07793
-40.3515,160.316,1.07793
-39.9231,160.316,1.07793
-39.4947,160.316,1.07793
-39.0663,160.316,1.07793
-38.6379,160.316,1.07793
-38.2095,160.316,1.07793
-38.0763,160.316,1.27483
-37.7711,160.315,1.81664
-37.4352,160.314,2.62999
-37.2103,160.312,3.6415
-37.2376,160.311,4.77783
-37.6586,160.309,5.96566
-38.124,160.309,6.48416
-38.7653,160.308,6.79525
-39.4947,160.308,6.89894
-40.224,160.308,6.79525
-40.8653,160.309,6.48417
-45.0137,89.2639,6.41775
-46.2795,89.2746,3.96208
-52.1361,85.4059,1.47105
-49.7778,85.4059,6.03822
-46.3616,89.2849,1.61293
-52.2891,85.4059,-2.89735
-45.6853,89.294,-0.478146
-51.0291,85.4059,-6.78532
-44.6758,89.3013,-2.15953
-49.1482,85.4059,-9.91118
-43.7583,89.3062,-3.27956
-47.4387,85.4059,-11.9933
-43.358,89.308,-3.68659
-46.6929,85.4059,-12.7499
-42.0702,89.308,-3.6866
-44.2934,85.4059,-12.7499
-40.7824,89.308,-3.6866
-41.894,85.4059,-12.7499
-39.4946,89.308,-3.68659
-39.4946,85.4059,-12.7499
-38.2068,89.308,-3.68659
-37.0952,85.4059,-12.7499
-36.919,89.308,-3.68659
-34.6958,85.4059,-12.7499
-35.6313,89.308,-3.68659
-32.2964,85.4059,-12.7499
-35.2309,89.3062,-3.27956
-31.5505,85.4059,-11.9933
-34.3134,89.3013,-2.15953
-29.8411,85.4059,-9.91118
-33.304,89.294,-0.478146
-27.9602,85.4059,-6.78532
-32.6277,89.2849,1.61293
-26.7002,85.4059,-2.89735
-32.7098,89.2746,3.96207
-26.8532,85.4059,1.47105
-33.9755,89.2639,6.41775
-29.2115,85.4059,6.03822
-35.3743,89.2592,7.48971
-31.8177,85.4059,8.03211
-37.3022,89.2564,8.13285
-35.4098,85.4059,9.22844
-39.4946,89.2555,8.34723
-39.4946,85.4059,9.62722
-41.687,89.2564,8.13285
-43.5795,85.4059,9.22845
-43.6149,89.2592,7.48971
-47.1715,85.4059,8.03211
-54.7465,78.1088,0.126897
-51.9013,78.1088,6.49914
-54.9311,78.1088,-5.96803
-53.4109,78.1088,-11.3926
-51.1416,78.1088,-15.7539
-49.0792,78.1088,-18.6589
-48.1793,78.1088,-19.7146
-45.2844,78.1088,-19.7146
-42.3895,78.1088,-19.7146
-39.4946,78.1088,-19.7146
-36.5998,78.1088,-19.7146
-33.7049,78.1088,-19.7146
-30.81,78.1088,-19.7146
-29.9101,78.1088,-18.6589
-27.8476,78.1088,-15.7539
-25.5784,78.1088,-11.3926
-24.0581,78.1088,-5.96803
-24.2427,78.1088,0.126893
-27.088,78.1088,6.49914
-30.2325,78.1088,9.28107
-34.5662,78.1088,10.9502
-39.4946,78.1088,11.5066
-44.423,78.1088,10.9502
-48.7568,78.1088,9.28107
-56.7929,70.8118,-0.902322
-53.5659,70.8118,6.9527
-57.0023,70.8118,-8.4155
-55.2781,70.8118,-15.1024
-52.7044,70.8118,-20.4785
-50.3652,70.8118,-24.0595
-49.3445,70.8118,-25.3608
-46.0612,70.8118,-25.3608
-42.7779,70.8118,-25.3608
-39.4946,70.8118,-25.3608
-36.2113,70.8118,-25.3608
-32.928,70.8118,-25.3608
-29.6448,70.8118,-25.3608
-28.6241,70.8118,-24.0595
-26.2849,70.8118,-20.4785
-23.7112,70.8118,-15.1024
-21.987,70.8118,-8.4155
-22.1964,70.8118,-0.902328
-25.4234,70.8118,6.9527
-28.9897,70.8118,10.382
-33.905,70.8118,12.4395
-39.4946,70.8118,13.1254
-45.0843,70.8118,12.4395
-49.9995,70.8118,10.382
-58.4296,63.5147,-1.62733
-54.8973,63.5147,7.34978
-58.6588,63.5147,-10.2138
-56.7715,63.5147,-17.8559
-53.9542,63.5147,-24
-51.3937,63.5147,-28.0925
-50.2765,63.5147,-29.5796
-46.6825,63.5147,-29.5796
-43.0886,63.5147,-29.5796
-39.4946,63.5147,-29.5796
-35.9007,63.5147,-29.5796
-32.3067,63.5147,-29.5796
-28.7128,63.5147,-29.5796
-27.5956,63.5147,-28.0925
-25.035,63.5147,-24
-22.2178,63.5147,-17.8559
-20.3305,63.5147,-10.2138
-20.5596,63.5147,-1.62733
-24.092,63.5147,7.34978
-27.9958,63.5147,11.2689
-33.3761,63.5147,13.6204
-45.6132,63.5147,13.6204
-39.3254,71.9492,20.7563
-44.8015,65.4183,20.7563
-39.3254,65.4183,20.7563
-50.9934,63.5147,11.2689
-59.7227,56.2176,-2.08048
-55.9491,56.2176,7.58653
-59.9676,56.2176,-11.3268
-57.9513,56.2176,-19.5562
-54.9417,56.2177,-26.1725
-52.2063,56.2177,-30.5795
-51.0128,56.2177,-32.1809
-47.1734,56.2177,-32.1809
-43.334,56.2177,-32.1809
-39.4946,56.2177,-32.1809
-35.6552,56.2176,-32.1809
-31.8159,56.2177,-32.1809
-27.9765,56.2177,-32.1809
-26.783,56.2177,-30.5795
-24.0476,56.2177,-26.1725
-21.0379,56.2177,-19.5562
-19.0217,56.2177,-11.3268
-19.2665,56.2177,-2.08049
-23.0401,56.2177,7.58652
-27.2105,56.2177,11.8069
-32.9582,56.2177,14.3391
-33.8493,65.4183,20.7563
-39.3254,58.8874,20.7563
-33.4753,58.8874,20.7563
-45.1754,58.8874,20.7563
-39.4946,63.5147,14.4042
-46.031,56.2176,14.3391
-39.4946,56.2177,15.1831
-51.7787,56.2176,11.8069
-60.6977,48.9206,-2.54943
-56.7422,48.9206,7.20533
-60.9543,48.9206,-11.8797
-58.8409,48.9206,-20.1838
-55.6862,48.9206,-26.8601
-52.819,48.9206,-31.3071
-56.2463,51.5313,-43.9561
-55.9277,51.5313,-43.9561
-56.0759,47.1242,-43.9561
-56.4099,47.1242,-43.9561
-47.5435,48.9206,-32.9231
-51.5679,48.9206,-32.9231
-43.5191,48.9206,-32.9231
-39.4946,48.9206,-32.9231
-35.4702,48.9206,-32.9231
-31.4458,48.9206,-32.9231
-27.4213,48.9206,-32.9231
-23.0617,51.5313,-43.9561
-22.743,51.5313,-43.9561
-22.5795,47.1242,-43.9561
-22.9135,47.1242,-43.9561
-23.303,48.9206,-26.8601
-26.1703,48.9206,-31.3071
-20.1483,48.9206,-20.1838
-18.0349,48.9206,-11.8797
-18.2916,48.9206,-2.54943
-22.247,48.9206,7.20533
-26.6184,48.9206,11.464
-32.6432,48.9206,14.0192
-39.3254,52.3565,20.7563
-33.1933,52.3565,20.7563
-45.4574,52.3565,20.7563
-46.3461,48.9206,14.0192
-39.4946,48.9206,14.8709
-52.3708,48.9206,11.464
-61.3504,41.6235,-3.69994
-57.2732,41.6235,5.69465
-61.6149,41.6235,-12.6857
-59.4365,41.6235,-20.6832
-56.1846,41.6235,-27.113
-53.2291,41.6235,-31.3958
-51.9396,41.6235,-32.9522
-47.7913,41.6235,-32.9522
-43.643,41.6235,-32.9522
-39.4946,41.6235,-32.9522
-35.3463,41.6235,-32.9522
-31.198,41.6235,-32.9522
-27.0497,41.6235,-32.9522
-25.7601,41.6235,-31.3958
-22.8046,41.6235,-27.113
-19.5528,41.6235,-20.6832
-17.3743,41.6235,-12.6857
-17.6389,41.6236,-3.69994
-21.7161,41.6235,5.69465
-26.2221,41.6235,9.79605
-32.4323,41.6235,12.2569
-39.3254,45.8257,20.7563
-39.4946,41.6235,13.0772
-52.7672,41.6235,9.79605
-46.557,41.6235,12.2569
-61.6444,34.3265,-5.44439
-57.5123,34.3265,3.38721
-61.9125,34.3265,-13.8916
-59.7047,34.3265,-21.4099
-56.4091,34.3265,-27.4544
-53.4139,34.3265,-31.4805
-52.107,34.3265,-32.9436
-47.9029,34.3265,-32.9436
-43.6987,34.3265,-32.9436
-39.4946,34.3265,-32.9436
-35.2905,34.3265,-32.9436
-31.0864,34.3265,-32.9436
-26.8823,34.3265,-32.9436
-25.5754,34.3265,-31.4805
-22.5801,34.3265,-27.4544
-19.2846,34.3265,-21.4099
-17.0768,34.3265,-13.8917
-17.3449,34.3265,-5.4444
-21.477,34.3265,3.38721
-26.0435,34.3265,7.24282
-32.3373,34.3265,9.55619
-39.4946,34.3265,10.3273
-46.652,34.3265,9.5562
-52.9457,34.3265,7.24282
-61.4911,27.0294,-7.62251
-57.3876,27.0294,0.458543
-61.7573,27.0294,-15.3519
-59.5649,27.0294,-22.2312
-56.2921,27.0294,-27.762
-53.3176,27.0294,-31.446
-52.0197,27.0294,-32.7848
-47.8447,27.0294,-32.7848
-43.6697,27.0294,-32.7848
-39.4946,27.0294,-32.7848
-35.3196,27.0294,-32.7848
-31.1446,27.0294,-32.7848
-26.9695,27.0294,-32.7848
-25.6717,27.0294,-31.446
-22.6972,27.0294,-27.762
-19.4244,27.0294,-22.2312
-17.2319,27.0294,-15.3519
-17.4982,27.0294,-7.62252
-21.6016,27.0294,0.458539
-26.1366,27.0294,3.98649
-32.3868,27.0294,6.10326
-39.4946,27.0294,6.80886
-46.6024,27.0294,6.10326
-52.8526,27.0294,3.9865
-61.2851,24.3265,-8.52526
-57.2201,24.3265,-0.77496
-61.5489,24.3265,-15.9383
-59.3769,24.3265,-22.536
-56.1348,24.3265,-27.8404
-53.1881,24.3265,-31.3736
-51.9024,24.3265,-32.6576
-47.7665,24.3265,-32.6576
-43.6306,24.3265,-32.6576
-39.4946,24.3265,-32.6576
-35.3587,24.3265,-32.6576
-31.2228,24.3265,-32.6576
-27.0868,24.3265,-32.6576
-25.8011,24.3265,-31.3736
-22.8545,24.3265,-27.8404
-19.6123,24.3265,-22.536
-17.4404,24.3265,-15.9383
-17.7041,24.3265,-8.52526
-21.7692,24.3265,-0.774964
-26.2617,24.3265,2.60859
-32.4534,24.3265,4.63872
-39.4946,24.3265,5.31543
-46.5359,24.3265,4.63872
-52.7275,24.3265,2.60859
-60.9754,21.6235,-9.47738
-56.9681,21.6235,-2.09099
-61.2354,21.6235,-16.5423
-59.0943,21.6235,-22.8303
-55.8983,21.6235,-27.8857
-52.9935,21.6235,-31.253
-51.7261,21.6235,-32.4766
-47.6489,21.6235,-32.4766
-43.5718,21.6235,-32.4766
-39.4946,21.6236,-32.4766
-35.4175,21.6236,-32.4766
-31.3403,21.6235,-32.4766
-27.2632,21.6236,-32.4766
-25.9958,21.6236,-31.253
-23.091,21.6236,-27.8857
-19.8949,21.6236,-22.8303
-17.7538,21.6235,-16.5423
-18.0139,21.6236,-9.47738
-22.0211,21.6236,-2.091
-26.4498,21.6235,1.13369
-32.5535,21.6235,3.0685
-39.4946,21.6235,3.71344
-46.4358,21.6235,3.0685
-52.5395,21.6235,1.1337
-60.54,18.9206,-10.478
-56.6139,18.9206,-3.49309
-60.7947,18.9206,-17.1589
-58.697,18.9206,-23.105
-55.5658,18.9206,-27.8856
-52.7199,18.9206,-31.0699
-56.4565,17.872,-43.9561
-56.1181,17.872,-43.9561
-56.0519,16.1894,-43.9561
-56.3834,16.1894,-43.9561
-47.4836,18.9206,-32.227
-51.4782,18.9206,-32.227
-43.4891,18.9206,-32.227
-39.4946,18.9206,-32.227
-35.5001,18.9206,-32.227
-31.5056,18.9206,-32.227
-27.5111,18.9206,-32.227
-22.8712,17.872,-43.9561
-22.5329,17.872,-43.9561
-22.6059,16.1894,-43.9561
-22.9374,16.1894,-43.9561
-23.4235,18.9206,-27.8856
-26.2694,18.9206,-31.0699
-20.2922,18.9206,-23.105
-18.1945,18.9206,-17.1589
-18.4493,18.9206,-10.478
-22.3753,18.9206,-3.49309
-26.7142,18.9206,-0.443688
-32.6941,18.9206,1.38595
-39.4946,18.9206,1.99583
-46.2951,18.9206,1.38595
-52.275,18.9206,-0.443685
-59.9489,16.2177,-11.5277
-56.1331,16.2177,-4.98894
-60.1965,16.2177,-17.7819
-58.1577,16.2177,-23.3483
-55.1144,16.2177,-27.8235
-52.3484,16.2177,-30.8044
-51.1416,16.2177,-31.8877
-47.2593,16.2177,-31.8877
-43.3769,16.2177,-31.8877
-39.4946,16.2177,-31.8877
-35.6123,16.2177,-31.8877
-31.73,16.2177,-31.8877
-27.8477,16.2177,-31.8877
-26.6408,16.2177,-30.8044
-23.8748,16.2177,-27.8235
-20.8315,16.2177,-23.3483
-18.7928,16.2177,-17.7819
-19.0403,16.2177,-11.5277
-22.8561,16.2177,-4.98894
-27.0732,16.2177,-2.13431
-32.8851,16.2177,-0.421527
-39.4946,16.2177,0.1494
-46.1041,16.2177,-0.421525
-51.9161,16.2177,-2.13431
-59.1568,13.5147,-12.6322
-55.4888,13.5147,-6.59497
-59.3948,13.5147,-18.4066
-57.435,13.5147,-23.546
-54.5095,13.5147,-27.678
-51.8506,13.5147,-30.4302
-50.6905,13.5147,-31.4304
-46.9586,13.5147,-31.4304
-43.2266,13.5147,-31.4304
-39.4946,13.5147,-31.4304
-35.7627,13.5147,-31.4304
-32.0307,13.5147,-31.4304
-28.2987,13.5147,-31.4304
-27.1386,13.5147,-30.4302
-24.4797,13.5147,-27.678
-21.5543,13.5147,-23.546
-19.5945,13.5147,-18.4066
-19.8325,13.5147,-12.6322
-23.5005,13.5147,-6.59497
-27.5542,13.5147,-3.95931
-33.1411,13.5147,-2.37791
-39.4946,13.5147,-1.85078
-45.8481,13.5147,-2.37791
-51.435,13.5147,-3.95931
-58.0939,10.8118,-13.7967
-54.6242,10.8118,-8.33221
-58.319,10.8118,-19.0233
-56.4652,10.8118,-23.6752
-53.6979,10.8118,-27.4151
-51.1827,10.8118,-29.9063
-50.0853,10.8118,-30.8115
-46.5551,10.8118,-30.8115
-43.0249,10.8118,-30.8115
-39.4946,10.8118,-30.8115
-35.9644,10.8118,-30.8115
-32.4342,10.8118,-30.8115
-28.9039,10.8118,-30.8115
-27.8065,10.8118,-29.9063
-25.2914,10.8118,-27.4151
-22.5241,10.8118,-23.6752
-20.6702,10.8118,-19.0233
-20.8953,10.8118,-13.7967
-24.3651,10.8118,-8.33222
-28.1997,10.8118,-5.94659
-33.4846,10.8118,-4.51522
-39.4946,10.8118,-4.03809
-45.5047,10.8118,-4.51521
-50.7896,10.8118,-5.94659
-56.6436,8.10882,-15.032
-53.4445,8.10882,-10.2392
-56.8512,8.10882,-19.6162
-55.1419,8.10883,-23.6963
-52.5904,8.10882,-26.9766
-50.2713,8.10884,-29.1615
-49.2595,8.10883,-29.9555
-46.0046,8.10882,-29.9555
-42.7496,8.10883,-29.9555
-39.4946,8.10882,-29.9555
-36.2397,8.10883,-29.9555
-32.9847,8.10882,-29.9555
-29.7297,8.10883,-29.9555
-28.7179,8.10883,-29.1615
-26.3989,8.10883,-26.9766
-23.8473,8.10883,-23.6963
-22.138,8.10883,-19.6162
-22.3456,8.10884,-15.032
-25.5448,8.10883,-10.2392
-29.0804,8.10884,-8.14678
-33.9532,8.10883,-6.89134
-39.4946,8.10883,-6.47286
-45.036,8.10883,-6.89134
-49.9089,8.10883,-8.14678
-52.5101,3.55302,-17.3525
-50.082,3.55303,-13.9246
-52.6676,3.55302,-20.6312
-51.3703,3.55303,-23.5493
-49.4338,3.55302,-25.8954
-47.6738,3.55302,-27.4581
-46.9058,3.55302,-28.026
-44.4354,3.55302,-28.026
-41.965,3.55302,-28.026
-39.4946,3.55302,-28.026
-37.0242,3.55302,-28.026
-34.5538,3.55302,-28.026
-32.0834,3.55302,-28.026
-31.3155,3.55302,-27.4581
-29.5554,3.55302,-25.8954
-27.6189,3.55302,-23.5493
-26.3216,3.55303,-20.6312
-26.4792,3.55303,-17.3525
-28.9072,3.55302,-13.9246
-31.5906,3.55302,-12.4281
-35.2889,3.55302,-11.5302
-39.4946,3.55302,-11.2309
-43.7004,3.55303,-11.5302
-47.3986,3.55303,-12.4281
-49.9029,1.03613,-18.6407
-47.9612,1.03613,-16.109
-50.0289,1.03613,-21.0622
-48.9915,1.03613,-23.2174
-47.4429,1.03612,-24.9501
-46.0354,1.03612,-26.1043
-45.4213,1.03612,-26.5237
-43.4457,1.03613,-26.5237
-41.4702,1.03613,-26.5237
-39.4946,1.03613,-26.5237
-37.5191,1.03613,-26.5237
-35.5435,1.03613,-26.5237
-33.568,1.03613,-26.5237
-32.9539,1.03613,-26.1043
-31.5464,1.03613,-24.9501
-29.9978,1.03613,-23.2174
-28.9603,1.03613,-21.0622
-29.0863,1.03613,-18.6407
-31.028,1.03613,-16.109
-33.1739,1.03613,-15.0037
-36.1313,1.03613,-14.3405
-39.4946,1.03613,-14.1195
-42.8579,1.03612,-14.3405
-45.8154,1.03613,-15.0037
-39.4946,-1.18217,-20.8123
-42.1769,149.456,4.79717
-41.6765,149.453,6.06539
-42.2094,149.459,3.58395
-41.942,149.461,2.504
-41.5429,149.463,1.63563
-41.1802,149.464,1.05717
-41.022,149.465,0.846947
-40.5129,149.465,0.846947
-40.0038,149.465,0.846947
-39.4947,149.465,0.846947
-38.9856,149.465,0.846947
-38.4765,149.465,0.846947
-37.9674,149.465,0.846947
-37.8091,149.464,1.05717
-37.4464,149.463,1.63563
-37.0473,149.461,2.50399
-36.78,149.459,3.58395
-36.8124,149.456,4.79717
-37.3128,149.453,6.06539
-37.8658,149.452,6.61899
-38.6279,149.452,6.95114
-39.4947,149.451,7.06185
-40.3614,149.452,6.95114
-41.1235,149.452,6.61899
-52.6123,163.948,-18.2426
-52.611,154.094,-18.7006
-53.5117,154.093,-18.5914
-53.4271,163.947,-18.1047
-52.2976,163.948,-18.2698
-46.9113,166.068,24.1243
-46.9106,159.215,24.6026
-46.0008,159.214,24.099
-46.0785,166.067,23.7198
-21.8195,-3.23822,-37.443
-22.1268,0.245663,-40.1703
-22.2266,-2.51806,-36.9047
-21.6007,-0.24908,-40.9535
-23.0775,0.245663,-40.1703
-22.9777,-2.51806,-36.9047
-23.6036,-0.24908,-40.9535
-23.3848,-3.23822,-37.443
-23.1289,-0.734672,-41.7384
-23.0096,-3.95021,-37.9848
-22.0754,-0.734672,-41.7384
-22.1947,-3.95021,-37.9848
-22.0571,3.62853,-42.2791
-21.4473,3.37916,-43.2189
-23.1472,3.62853,-42.2791
-23.757,3.37916,-43.2189
-23.2129,3.13576,-44.1591
-21.9914,3.13576,-44.1591
-22.0321,7.29986,-43.0076
-21.392,7.29986,-44.0013
-23.1722,7.29986,-43.0076
-23.8123,7.29986,-44.0013
-23.2432,7.29986,-44.9949
-21.9611,7.29986,-44.9949
-22.0413,19.0999,-42.9147
-21.4028,19.0999,-44.0249
-23.163,19.0999,-42.9147
-23.8015,19.0999,-44.0249
-23.2419,19.0999,-45.1352
-21.9624,19.0999,-45.1352
-22.0413,26.4567,-42.9146
-21.4028,26.4567,-44.0249
-23.163,26.4567,-42.9146
-23.8015,26.4567,-44.0249
-23.2419,26.4567,-45.1352
-21.9624,26.4567,-45.1352
-22.0413,33.8134,-42.9147
-21.4028,33.8134,-44.0249
-23.163,33.8134,-42.9147
-23.8015,33.8134,-44.0249
-23.2419,33.8134,-45.1352
-21.9624,33.8134,-45.1352
-22.0413,41.1702,-42.9147
-21.4028,41.1702,-44.0249
-23.163,41.1702,-42.9147
-23.8015,41.1702,-44.0249
-23.2419,41.1702,-45.1352
-21.9624,41.1702,-45.1352
-22.0413,48.527,-42.9147
-21.4028,48.527,-44.0249
-23.163,48.527,-42.9147
-23.8015,48.527,-44.0249
-23.2419,48.527,-45.1352
-21.9624,48.527,-45.1352
-22.0413,55.8837,-42.9147
-21.4028,55.8837,-44.0249
-23.163,55.8837,-42.9147
-23.8016,55.8837,-44.0249
-23.2419,55.8837,-45.1352
-21.9624,55.8837,-45.1352
-22.0413,63.2405,-42.9147
-21.4028,63.2405,-44.0249
-23.163,63.2405,-42.9147
-23.8015,63.2405,-44.0249
-23.2419,63.2405,-45.1352
-21.9624,63.2405,-45.1352
-22.6021,-3.23822,-37.443
-22.6021,63.2405,-44.0249
-56.6646,-2.51806,-36.9047
-56.7644,0.245658,-40.1703
-57.0717,-3.23822,-37.443
-57.2905,-0.249081,-40.9535
-55.9135,-2.51806,-36.9047
-55.8138,0.245658,-40.1703
-55.5064,-3.23822,-37.443
-55.2876,-0.249081,-40.9535
-55.8816,-3.95021,-37.9848
-55.7623,-0.734673,-41.7384
-56.6965,-3.95021,-37.9848
-56.8158,-0.734673,-41.7384
-56.8341,3.62852,-42.2791
-57.444,3.37916,-43.2189
-55.7441,3.62853,-42.2791
-55.1342,3.37915,-43.2189
-55.6784,3.13575,-44.1591
-56.8998,3.13576,-44.1591
-56.8592,7.29985,-43.0076
-57.4992,7.29985,-44.0013
-55.719,7.29985,-43.0076
-55.0789,7.29985,-44.0013
-55.6481,7.29985,-44.9949
-56.9301,7.29985,-44.9949
-56.8499,19.0999,-42.9147
-57.4885,19.0999,-44.0249
-55.7283,19.0999,-42.9147
-55.0897,19.0999,-44.0249
-55.6493,19.0999,-45.1352
-56.9288,19.0999,-45.1352
-56.8499,26.4567,-42.9146
-57.4885,26.4567,-44.0249
-55.7283,26.4567,-42.9146
-55.0897,26.4567,-44.0249
-55.6493,26.4567,-45.1352
-56.9288,26.4567,-45.1352
-56.8499,33.8134,-42.9147
-57.4885,33.8134,-44.0249
-55.7283,33.8134,-42.9147
-55.0897,33.8134,-44.0249
-55.6493,33.8134,-45.1352
-56.9288,33.8134,-45.1352
-56.8499,41.1702,-42.9147
-57.4885,41.1702,-44.0249
-55.7282,41.1702,-42.9147
-55.0897,41.1702,-44.0249
-55.6493,41.1702,-45.1352
-56.9288,41.1702,-45.1352
-56.8499,48.5269,-42.9147
-57.4885,48.5269,-44.0249
-55.7283,48.5269,-42.9147
-55.0897,48.5269,-44.0249
-55.6493,48.5269,-45.1352
-56.9288,48.5269,-45.1352
-56.8499,55.8837,-42.9147
-57.4885,55.8837,-44.0249
-55.7283,55.8837,-42.9147
-55.0897,55.8837,-44.0249
-55.6493,55.8837,-45.1352
-56.9288,55.8837,-45.1352
-56.8499,63.2405,-42.9147
-57.4885,63.2405,-44.0249
-55.7283,63.2405,-42.9147
-55.0897,63.2405,-44.0249
-55.6493,63.2405,-45.1352
-56.9288,63.2405,-45.1352
-56.2891,-3.23822,-37.443
-56.2891,63.2405,-44.0249
-37.9374,61.6896,20.2599
-40.7428,61.6826,20.2599
-40.7428,61.6826,21.121
-37.9374,61.6896,21.121
-42.1396,59.2497,20.2599
-42.1396,59.2497,21.121
-40.7309,56.8236,20.2599
-40.7309,56.8236,21.121
-37.9255,56.8305,20.2599
-37.9255,56.8305,21.121
-36.5288,59.2635,20.2599
-36.5288,59.2635,21.121
-40.1658,60.6888,22.9337
-38.5096,60.6929,22.9337
-40.9904,59.2525,22.9337
-40.1587,57.8202,22.9337
-38.5025,57.8243,22.9337
-37.678,59.2606,22.9337
-40.1658,60.6888,23.442
-38.5096,60.6929,23.442
-40.9904,59.2525,23.442
-40.1587,57.8202,23.442
-38.5025,57.8243,23.442
-37.678,59.2606,23.442
-40.1658,60.6888,23.9504
-38.5096,60.6929,23.9504
-40.9904,59.2525,23.9504
-40.1587,57.8202,23.9504
-38.5025,57.8243,23.9504
-37.678,59.2606,23.9504
-40.7428,63.2544,24.2175
-37.9374,63.2657,24.2175
-42.1396,59.2497,24.5651
-40.7309,55.2474,24.2175
-37.9255,55.2588,24.2175
-36.5288,59.2635,24.5651
-37.9459,65.3425,24.2175
-40.7513,65.3311,24.2175
-40.7513,65.3311,25.7738
-37.9459,65.3425,25.7738
-42.1396,59.2497,25.4262
-40.7428,63.2544,25.7738
-40.7309,55.2474,25.7738
-40.7227,53.2303,24.2175
-37.9173,53.2416,24.2175
-37.9173,53.2416,25.7738
-40.7227,53.2303,25.7738
-36.5288,59.2635,25.4262
-37.9255,55.2588,25.7738
-37.9374,63.2657,25.7738
-39.3342,59.2566,20.2599
-39.3342,59.2566,25.4262
-41.0655,59.252,25.0975
-41.0655,59.1552,24.9739
-43.9155,59.1552,24.9739
-43.9155,59.252,25.0975
-41.0655,58.9684,24.9776
-43.9155,58.9684,24.9776
-41.0655,58.8745,25.1049
-43.9155,58.8745,25.1049
-41.0655,58.9695,25.2321
-43.9155,58.9695,25.2321
-41.0655,59.1603,25.2284
-43.9155,59.1603,25.2284
-46.7655,59.1552,24.9739
-46.7655,59.252,25.0975
-46.7655,58.9684,24.9776
-46.7655,58.8745,25.1049
-46.7655,58.9695,25.2321
-46.7655,59.1603,25.2284
-49.6156,59.1552,24.9739
-49.6156,59.252,25.0975
-49.6156,58.9684,24.9776
-49.6156,58.8745,25.1049
-49.6156,58.9695,25.2321
-49.6156,59.1603,25.2284
-52.4656,59.1552,24.9739
-52.4656,59.252,25.0975
-52.4656,58.9684,24.9776
-52.4656,58.8745,25.1049
-52.4656,58.9695,25.2321
-52.4656,59.1603,25.2284
-55.3156,59.1552,24.9739
-55.3156,59.252,25.0975
-55.3156,58.9684,24.9776
-55.3156,58.8745,25.1049
-55.3156,58.9695,25.2321
-55.3156,59.1603,25.2284
-55.3572,62.5811,24.6348
-55.3572,64.6279,24.7661
-55.3572,58.5459,24.7011
-55.3572,56.4919,24.8994
-55.3572,58.5137,25.4392
-55.3572,62.6344,25.3714
-57.43,62.5811,24.6348
-57.43,64.6279,24.7661
-57.43,58.5459,24.7011
-57.43,56.4919,24.8994
-57.43,58.5137,25.4392
-57.43,62.6344,25.3714
-59.5027,62.5811,24.6348
-59.5027,64.6279,24.7661
-59.5027,58.5459,24.7011
-59.5027,56.4919,24.8994
-59.5027,58.5137,25.4392
-59.5027,62.6344,25.3714
-61.5755,62.5811,24.6348
-61.5755,64.6279,24.7661
-61.5755,58.5459,24.7011
-61.5755,56.4919,24.8994
-61.5755,58.5137,25.4392
-61.5755,62.6344,25.3714
-63.6482,62.5811,24.6348
-63.6482,64.6279,24.7661
-63.6482,58.5459,24.7011
-63.6482,56.4919,24.8994
-63.6482,58.5137,25.4392
-63.6482,62.6344,25.3714
-41.0655,59.0633,25.1036
-63.6482,60.5716,25.1047
-37.0595,59.0956,25.0975
-37.0595,59.1924,24.9739
-34.2095,59.1924,24.9739
-34.2095,59.0956,25.0975
-37.0595,59.3792,24.9776
-34.2095,59.3792,24.9776
-37.0595,59.4732,25.1049
-34.2095,59.4732,25.1049
-37.0595,59.3782,25.2321
-34.2095,59.3782,25.2321
-37.0595,59.1874,25.2284
-34.2095,59.1874,25.2284
-31.3595,59.1924,24.9739
-31.3595,59.0956,25.0975
-31.3595,59.3792,24.9776
-31.3595,59.4732,25.1049
-31.3595,59.3782,25.2321
-31.3595,59.1874,25.2284
-28.5094,59.1924,24.9739
-28.5094,59.0956,25.0975
-28.5094,59.3792,24.9776
-28.5094,59.4732,25.1049
-28.5094,59.3782,25.2321
-28.5094,59.1874,25.2284
-25.6594,59.1924,24.9739
-25.6594,59.0956,25.0975
-25.6594,59.3792,24.9776
-25.6594,59.4732,25.1049
-25.6594,59.3782,25.2321
-25.6594,59.1874,25.2284
-22.8094,59.1924,24.9739
-22.8094,59.0956,25.0975
-22.8094,59.3792,24.9776
-22.8094,59.4732,25.1049
-22.8094,59.3782,25.2321
-22.8094,59.1874,25.2284
-22.7678,55.7665,24.6348
-22.7678,53.7197,24.7661
-22.7678,59.8018,24.7011
-22.7678,61.8558,24.8994
-22.7678,59.834,25.4392
-22.7678,55.7133,25.3714
-20.695,55.7665,24.6348
-20.695,53.7197,24.7661
-20.695,59.8018,24.7011
-20.695,61.8558,24.8994
-20.695,59.834,25.4392
-20.695,55.7133,25.3714
-18.6223,55.7665,24.6348
-18.6223,53.7197,24.7661
-18.6223,59.8018,24.7011
-18.6223,61.8558,24.8994
-18.6223,59.834,25.4392
-18.6223,55.7133,25.3714
-16.5495,55.7665,24.6348
-16.5495,53.7197,24.7661
-16.5495,59.8018,24.7011
-16.5495,61.8558,24.8994
-16.5495,59.834,25.4392
-16.5495,55.7133,25.3714
-14.4768,55.7665,24.6348
-14.4768,53.7197,24.7661
-14.4768,59.8018,24.7011
-14.4768,61.8558,24.8994
-14.4768,59.834,25.4392
-14.4768,55.7133,25.3714
-37.0595,59.2843,25.1036
-14.4768,57.7761,25.1047
-40.4876,-27.3292,25.5303
-40.7709,-18.9283,25.5303
-41.9133,-27.3206,24.7961
-42.5143,-18.9179,24.7961
-37.637,-27.3466,25.4328
-37.2853,-18.9491,25.4328
-36.2333,-27.3551,24.6019
-35.5688,-18.9593,24.6019
-37.6939,-27.3462,24.5246
-37.3548,-18.9486,24.5246
-40.5091,-27.3291,24.9395
-40.7972,-18.9281,24.9395
-40.766,-10.529,25.5303
-42.5401,-10.5186,24.7961
-37.2187,-10.5498,25.4328
-35.4719,-10.5601,24.6019
-37.2895,-10.5494,24.5246
-40.7928,-10.5289,24.9395
-40.7601,-2.12979,25.5303
-42.5651,-2.1194,24.7961
-37.1513,-2.15059,25.4328
-35.3742,-2.16081,24.6019
-37.2233,-2.15016,24.5246
-40.7874,-2.12964,24.9395
-40.7533,6.26945,25.5303
-42.589,6.27986,24.7961
-37.0829,6.24866,25.4328
-35.2754,6.23842,24.6019
-37.1561,6.24908,24.5246
-40.781,6.26961,24.9395
-40.7455,14.6687,25.5303
-42.6121,14.6791,24.7961
-37.0135,14.6479,25.4328
-35.1757,14.6377,24.6019
-37.088,14.6483,24.5246
-40.7737,14.6688,24.9395
-40.7368,23.0679,25.5303
-42.6342,23.0783,24.7961
-36.9432,23.0471,25.4328
-35.0751,23.0369,24.6019
-37.0189,23.0475,24.5246
-40.7655,23.0681,24.9395
-40.7271,31.4672,25.5303
-42.6553,31.4776,24.7961
-36.872,31.4464,25.4328
-34.9735,31.4361,24.6019
-36.9489,31.4468,24.5246
-40.7563,31.4673,24.9395
-40.7165,39.8664,25.5303
-42.6755,39.8768,24.7961
-36.7998,39.8456,25.4328
-34.871,39.8354,24.6019
-36.8779,39.846,24.5246
-40.7461,39.8666,24.9395
-40.705,48.2657,25.5303
-42.6947,48.2761,24.7961
-37.4304,48.2485,25.4328
-36.4508,48.2434,24.6019
-37.4701,48.2487,24.5246
-40.735,48.2658,24.9395
-40.6925,56.6649,25.5303
-42.713,56.6753,24.7961
-37.3672,56.6478,25.4328
-36.3724,56.6427,24.6019
-37.4075,56.648,24.5246
-40.723,56.6651,24.9395
-39.0725,-27.3378,24.7475
-38.687,56.6546,24.7475
-38.2714,145.899,25.5303
-37.988,137.498,25.5303
-36.8457,145.891,24.7961
-36.2446,137.488,24.7961
-41.1219,145.917,25.4328
-41.4737,137.519,25.4328
-42.5256,145.925,24.6019
-43.1901,137.529,24.6019
-41.065,145.916,24.5246
-41.4041,137.519,24.5246
-38.2498,145.899,24.9395
-37.9617,137.498,24.9395
-37.9929,129.099,25.5303
-36.2188,129.089,24.7961
-41.5402,129.12,25.4328
-43.287,129.13,24.6019
-41.4694,129.119,24.5246
-37.9661,129.099,24.9395
-37.9988,120.7,25.5303
-36.1939,120.689,24.7961
-41.6076,120.721,25.4328
-43.3848,120.731,24.6019
-41.5356,120.72,24.5246
-37.9716,120.7,24.9395
-38.0056,112.301,25.5303
-36.1699,112.29,24.7961
-41.676,112.321,25.4328
-43.4835,112.332,24.6019
-41.6028,112.321,24.5246
-37.9779,112.3,24.9395
-38.0134,103.901,25.5303
-36.1469,103.891,24.7961
-41.7454,103.922,25.4328
-43.5832,103.932,24.6019
-41.6709,103.922,24.5246
-37.9852,103.901,24.9395
-38.0221,95.5021,25.5303
-36.1248,95.4917,24.7961
-41.8157,95.5229,25.4328
-43.6838,95.5331,24.6019
-41.74,95.5225,24.5246
-37.9935,95.5019,24.9395
-38.0318,87.1029,25.5303
-36.1036,87.0924,24.7961
-41.8869,87.1237,25.4328
-43.7854,87.1339,24.6019
-41.81,87.1232,24.5246
-38.0027,87.1027,24.9395
-38.0424,78.7036,25.5303
-36.0834,78.6932,24.7961
-41.9591,78.7244,25.4328
-43.8879,78.7346,24.6019
-41.881,78.724,24.5246
-38.0128,78.7035,24.9395
-38.054,70.3044,25.5303
-36.0642,70.294,24.7961
-41.3286,70.3215,25.4328
-42.3081,70.3266,24.6019
-41.2889,70.3213,24.5246
-38.0239,70.3042,24.9395
-38.0665,61.9051,25.5303
-36.0459,61.8947,24.7961
-41.3918,61.9222,25.4328
-42.3865,61.9274,24.6019
-41.3514,61.922,24.5246
-38.036,61.905,24.9395
-39.6864,145.908,24.7475
-40.072,61.9154,24.7475
-35.0998,156.095,5.20131
-35.4401,156.141,5.2003
-35.3475,157.175,8.29066
-35.0072,157.122,8.29229
-35.5932,155.016,5.22483
-35.6858,154.719,8.36603
-35.2529,154.97,5.22585
-35.3455,154.666,8.36767
-35.3579,157.746,15.111
-35.0176,157.693,15.1137
-35.6755,155.097,15.244
-35.3351,155.045,15.2466
-35.3059,157.838,20.0787
-34.9656,157.798,20.0812
-35.7274,155.366,20.2463
-35.3871,155.326,20.2488
-35.3224,157.468,24.6815
-34.9821,157.431,24.6844
-35.7109,155.695,25.2447
-35.3706,155.658,25.2476
-35.3465,155.555,5.21306
-35.3465,156.815,25.1566
-35.0998,154.92,3.66235
-35.4401,154.874,3.66336
-35.3475,153.84,0.572984
-35.0072,153.893,0.571358
-35.5932,155.999,3.63882
-35.6858,156.296,0.497603
-35.2529,156.045,3.63781
-35.3455,156.349,0.495985
-35.3579,153.269,-6.24738
-35.0175,153.322,-6.25002
-35.6755,155.918,-6.38033
-35.3352,155.97,-6.38295
-35.3059,153.177,-11.215
-34.9656,153.217,-11.2176
-35.7274,155.649,-11.3826
-35.3871,155.689,-11.3852
-35.3224,153.547,-15.8178
-34.9821,153.583,-15.8208
-35.711,155.319,-16.381
-35.3706,155.356,-16.3839
-35.3465,155.46,3.65057
-35.3465,154.2,-16.2929
-37.715,156.087,5.44081
-36.2145,156.041,5.44081
-37.715,156.66,4.44849
-36.2145,156.568,4.44849
-37.715,154.941,5.44081
-36.2145,154.987,5.44081
-37.715,154.368,4.44849
-36.2145,154.46,4.44849
-37.715,154.941,3.45618
-36.2145,154.987,3.45618
-37.715,156.087,3.45618
-36.2145,156.041,3.45618
-34.7139,155.995,5.44081
-34.7139,156.476,4.44849
-34.7139,155.033,5.44081
-34.7139,154.551,4.44849
-34.7139,155.033,3.45618
-34.7139,155.995,3.45618
-37.715,155.514,4.44849
-34.7139,155.514,4.44849
